unique_id,creativity_important
3903,12.52457433250077
4019,20.81300209991864
79,30.997963914098968
2873,15.851986726707956
3096,18.140156990010055
4366,14.755015937421042
865,13.385407873312424
4778,15.708157779553943
501,18.742717623458766
2706,13.89496611490334
811,17.23969001094197
4686,39.02395665146649
132,15.681686743629285
